,HRD학점계,MSC학점계,교양학점계,전공학점계,총 평점,전체석차,평균수강학점,학사경고여부,복수전공이수여부,부전공이수여부,현장실습기간구분,입학장학명,성적우수장학명,출석점수
1,0.7299426161669017,0.9832991474339263,1.103804344352649,1.1661458244367433,2.1443315102815688,-1.1358423401718198,0.009763872522451384,-0.4211951904897815,0.12519169609123645,0.27864520141034277,-0.21346277931315913,0.22118619827618355,0.20013921168609816,-0.02828944793113325
2,0.22238959418269816,0.13258527157158315,0.1418780304247539,0.2659905533920653,0.41444222990855695,-1.6870792686465668,-0.06375213084099576,-1.0904735037163138,0.007269648830431619,-0.2734113809263857,0.28876421835498095,-0.8704633197713808,-0.7141632869593413,0.23397357560215395
3,0.09063026168627591,-0.13466313847929845,-0.12545880256092515,-0.179136184971705,-0.1867415812047332,-0.11846502178878127,-0.41688189869115577,1.4780383582206638,-0.2098884228553422,-0.02451159011200468,-0.5264211089944699,0.7584527759510113,0.5305026464327673,-0.44246069905773605
4,-1.0429624720358754,-0.9812212805262124,-1.120223572216485,-1.253000192857102,-2.372032158985385,2.9413866306071736,0.4708701570096981,0.033630335985427647,0.0774270779336752,0.019277769628047774,0.45111966995265135,-0.10917565445580782,-0.016478571159526535,0.23677657138671504
